WORD_IDS,VOCAB_NAME
0,http
1,use
2,list
3,email
4,get
5,mail
6,one
7,free
8,time
9,work
10,messag
11,make
12,like
13,would
14,peopl
15,inform
16,new
17,receiv
18,pleas
19,busi
20,address
21,click
22,want
23,us
24,need
25,order
26,remov
27,also
28,go
29,year
30,send
31,money
32,file
33,compani
34,system
35,name
36,wrote
37,report
38,way
39,user
40,look
41,chang
42,site
43,day
44,state
45,know
46,program
47,may
48,see
49,call
50,could
51,group
52,even
53,think
54,includ
55,linux
56,first
57,offer
58,take
59,say
60,servic
61,right
62,world
63,tri
64,help
65,find
66,internet
67,market
68,product
69,mani
70,much
71,home
72,said
73,web
74,softwar
75,problem
76,date
77,line
78,spam
79,start
80,check
81,number
82,run
83,good
84,thing
85,link
86,well
87,subject
88,phone
89,interest
90,govern
91,person
92,provid
93,set
94,today
95,come
96,best
97,million
98,give
99,server
100,follow
101,back
102,form
103,rate
104,month
105,everi
106,secur
107,gener
108,price
109,url
110,still
111,comput
112,packag
113,instal
114,avail
115,sent
116,code
117,commun
118,version
119,life
120,read
121,sinc
122,ad
123,maintain
124,grant
125,sponsor
126,thank
127,network
128,credit
129,two
130,differ
131,without
132,made
133,develop
134,support
135,within
136,week
137,write
138,save
139,realli
140,case
141,page
142,subscript
143,irish
144,someth
145,current
146,un
147,last
148,anyon
149,onlin
150,complet
151,sure
152,seem
153,card
154,requir
155,build
156,custom
157,manag
158,never
159,ilug
160,de
161,better
162,keep
163,window
164,special
165,ca
166,point
167,search
168,place
169,per
170,anoth
171,found
172,actual
173,access
174,repli
175,result
176,contact
177,question
178,part
179,base
180,listmast
181,futur
182,issu
183,old
184,put
185,wish
186,next
187,long
188,let
189,countri
190,live
191,must
192,hour
193,end
194,invest
195,easi
196,unsubscrib
197,process
198,mean
199,lot
200,unit
201,great
202,guarante
203,got
204,nation
205,account
206,technolog
207,show
208,might
209,power
210,releas
211,legal
212,cost
213,data
214,allow
215,sourc
216,success
217,news
218,engin
219,possibl
220,trade
221,profession
222,idea
223,increas
224,post
225,pay
226,ask
227,advertis
228,public
229,error
230,open
231,websit
232,test
233,opportun
234,real
235,sell
236,ever
237,less
238,respons
239,insur
240,plan
241,design
242,tell
243,visit
244,creat
245,word
246,buy
247,howev
248,prefer
249,reason
250,heaven
251,someon
252,effect
253,aug
254,cd
255,sale
256,law
257,improv
258,applic
259,instead
260,around
261,fact
262,least
263,box
264,dollar
265,ye
266,rpm
267,american
268,fix
269,job
270,copi
271,simpl
272,probabl
273,cours
274,origin
275,believ
276,fax
277,contain
278,move
279,type
280,happen
281,friend
282,though
283,littl
284,total
285,financi
286,welcom
287,share
288,request
289,exampl
290,add
291,abl
292,client
293,els
294,perl
295,format
296,anyth
297,valu
298,simpli
299,alway
300,high
301,alreadi
302,fill
303,protect
304,full
305,cash
306,feel
307,mailto
308,directori
309,import
310,purchas
311,regard
312,bit
313,stop
314,licens
315,signatur
316,note
317,intern
318,polici
319,experi
320,answer
321,exist
322,updat
323,return
324,learn
325,past
326,famili
327,info
328,sep
329,top
330,geek
331,becom
332,ship
333,act
334,age
335,lead
336,instruct
337,drive
338,small
339,suppli
340,second
341,control
342,member
343,databas
344,select
345,thousand
346,low
347,recent
348,incom
349,featur
350,citi
351,etc
352,stuff
353,minut
354,limit
355,turn
356,yet
357,done
358,industri
359,sever
360,folder
361,appli
362,tool
363,continu
364,understand
365,detail
366,c
367,guid
368,noth
369,everyth
370,step
371,exmh
372,notic
373,oper
374,enough
375,big
376,claim
377,e
378,sign
379,care
380,caus
381,univers
382,letter
383,larg
384,key
385,three
386,hard
387,thinkgeek
388,other
389,connect
390,bill
391,record
392,accept
393,thu
394,discuss
395,term
396,pgp
397,offic
398,via
399,specif
400,play
401,option
402,talk
403,text
404,america
405,mayb
406,direct
407,deal
408,immedi
409,download
410,major
411,seen
412,forc
413,hope
414,subscrib
415,comment
416,thought
417,kind
418,individu
419,decid
420,lose
421,rule
422,log
423,plu
424,natur
425,method
426,matter
427,risk
428,either
429,true
430,yahoo
431,rememb
432,assist
433,content
434,quot
435,rather
436,present
437,away
438,mime
439,wait
440,bank
441,r
442,fund
443,local
444,kernel
445,hand
446,project
447,secret
448,hundr
449,loan
450,level
451,train
452,matthia
453,corpor
454,research
455,consid
456,razor
457,area
458,forward
459,book
460,august
461,addit
462,root
463,stori
464,polit
465,machin
466,benefit
467,standard
468,target
469,bad
470,war
471,quit
472,entir
473,suggest
474,appear
475,document
476,copyright
477,presid
478,global
479,bodi
480,author
481,bug
482,posit
483,often
484,expect
485,distribut
486,mind
487,human
488,center
489,juli
490,septemb
491,hit
492,grow
493,ago
494,jul
495,qualiti
496,trust
497,size
498,partner
499,easili
500,island
501,absolut
502,whether
503,pm
504,love
505,join
506,agent
507,activ
508,b
509,given
510,involv
511,solut
512,collect
513,happi
514,amount
515,fast
516,associ
517,domain
518,charg
519,man
520,promot
521,whole
522,dvd
523,far
524,earn
525,sort
526,later
527,parti
528,fork
529,feder
530,hi
531,submit
532,mortgag
533,upon
534,wed
535,potenti
536,meet
537,wrong
538,refer
539,nice
540,enter
541,tm
542,load
543,wonder
544,singl
545,social
546,almost
547,john
548,transact
549,publish
550,econom
551,reach
552,discov
553,red
554,everyon
555,close
556,view
557,fail
558,execut
559,pass
560,sound
561,privat
562,depend
563,perform
564,women
565,profit
566,broadcast
567,attack
568,newslett
569,relat
570,paid
571,automat
572,statement
573,contract
574,mark
575,effort
576,delet
577,media
578,foreign
579,begin
580,compil
581,pick
582,sequenc
583,final
584,miss
585,regist
586,command
587,spamassassin
588,bush
589,figur
590,cell
591,x
592,stock
593,handl
594,header
595,locat
596,similar
597,action
598,display
599,game
600,tuesday
601,templ
602,transfer
603,disk
604,hat
605,chri
606,wo
607,produc
608,digit
609,soon
610,event
611,known
612,track
613,articl
614,print
615,longer
616,tax
617,properti
618,function
619,mention
620,pretti
621,toner
622,dear
623,men
624,store
625,commiss
626,default
627,debt
628,oblig
629,pc
630,sun
631,hous
632,respect
633,microsoft
634,upgrad
635,organ
636,script
637,due
638,enenkio
639,bulk
640,imag
641,payment
642,weight
643,administr
644,health
645,freedom
646,along
647,daili
648,net
649,bonu
650,practic
651,offici
652,billion
653,usa
654,capit
655,worth
656,cartridg
657,propos
658,leav
659,languag
660,resourc
661,strategi
662,came
663,late
664,half
665,anyway
666,platform
667,concern
668,exactli
669,remain
670,street
671,clear
672,html
673,devic
674,assum
675,car
676,lost
677,review
678,la
679,ok
680,tire
681,ignor
682,interact
683,tue
684,head
685,hear
686,respond
687,went
688,deliv
689,taken
690,tablet
691,independ
692,configur
693,perhap
694,clean
695,bring
696,compar
697,qualifi
698,averag
699,fine
700,watch
701,press
702,space
703,invok
704,short
705,school
706,retail
707,recommend
708,expens
709,n
710,fee
711,fall
712,membership
713,field
714,enabl
715,host
716,memori
717,guess
718,consult
719,huge
720,extrem
721,xml
722,suit
723,usual
724,edit
725,choos
726,warn
727,common
728,agre
729,advantag
730,except
731,port
732,en
733,region
734,materi
735,normal
736,side
737,abil
738,educ
739,announc
740,basic
741,fri
742,item
743,guy
744,dream
745,le
746,cheer
747,drop
748,five
749,although
750,told
751,paper
752,readi
753,growth
754,vulner
755,spend
756,hold
757,main
758,confidenti
759,win
760,model
761,replac
762,electron
763,face
764,left
765,studi
766,interfac
767,unseen
768,loss
769,reserv
770,mon
771,altern
772,kingdom
773,accord
774,intend
775,safe
776,choic
777,approv
778,implement
779,oz
780,histori
781,multipl
782,situat
783,rest
784,id
785,commerci
786,moment
787,extra
788,quick
789,combin
790,employ
791,chanc
792,investig
793,section
794,insid
795,togeth
796,coupl
797,pictur
798,initi
799,purpos
800,goe
801,msg
802,advanc
803,confirm
804,util
805,break
806,court
807,unless
808,j
809,avoid
810,monday
811,across
812,particular
813,fals
814,burn
815,object
816,express
817,energi
818,score
819,video
820,et
821,societi
822,male
823,owner
824,india
825,took
826,indic
827,p
828,count
829,sens
830,correct
831,agenc
832,filter
833,speed
834,directli
835,variou
836,profil
837,die
838,four
839,anywher
840,match
841,procedur
842,seek
843,gpl
844,uniqu
845,period
846,ventur
847,especi
848,black
849,sex
850,piec
851,kevin
852,consum
853,spammer
854,whatev
855,behalf
856,investor
857,certain
858,knowledg
859,color
860,ftp
861,explain
862,class
863,adam
864,popul
865,setup
866,gain
867,remot
868,oh
869,cut
870,tip
871,latest
872,unison
873,dagga
874,militari
875,atol
876,block
877,gari
878,unix
879,south
880,lawrenc
881,marshal
882,googl
883,tv
884,patch
885,smoke
886,switch
887,shop
888,establish
889,valuabl
890,team
891,java
892,imagin
893,aaaaaaaaaaaaaaaaaaaaaaaaaaaaaaaaaaaaaaaaaaaaaaaaaaaaaaaaaaaaaaaaaaaaaaaaaaaa
894,ragga
895,integr
896,prevent
897,robert
898,boot
899,prepar
900,third
901,attempt
902,will
903,folk
904,particip
905,privaci
906,necessari
907,sometim
908,hardwar
909,heard
910,sorri
911,manual
912,tag
913,fastest
914,york
915,bottl
916,saou
917,screen
918,congress
919,reduc
920,certainli
921,china
922,sa
923,night
924,suppos
925,valid
926,backup
927,cover
928,stand
929,enjoy
930,depart
931,driver
932,alb
933,obtain
934,mass
935,seriou
936,regul
937,goal
938,path
939,competit
940,botan
941,lower
942,capabl
943,amaz
944,h
945,land
946,promis
947,fulli
948,speak
949,poor
950,medic
951,lowest
952,extend
953,introduc
954,scienc
955,apolog
956,deathtospamdeathtospamdeathtospam
957,traffic
958,movi
959,describ
960,defin
961,cv
962,titl
963,troubl
964,paul
965,exchang
966,neg
967,film
968,easier
969,os
970,wireless
971,osdn
972,f
973,rang
974,sender
975,decis
976,approach
977,death
978,technic
979,earli
980,six
981,predict
982,murphi
983,quickli
984,white
985,fortun
986,beberg
987,commit
988,written
989,redhat
990,fat
991,king
992,kill
993,worri
994,telephon
995,im
996,sold
997,ham
998,music
999,apt
1000,seventh
1001,firm
1002,mobil
1003,uk
1004,judgment
1005,michael
1006,father
1007,attach
1008,desir
1009,ensur
1010,north
1011,economi
1012,premium
1013,opinion
1014,librari
1015,faster
1016,definit
1017,player
1018,appar
1019,adult
1020,achiev
1021,archiv
1022,button
1023,argument
1024,travel
1025,techniqu
1026,separ
1027,bar
1028,enterpris
1029,deserv
1030,threat
1031,cooper
1032,demand
1033,board
1034,browser
1035,hello
1036,outsid
1037,condit
1038,anim
1039,modul
1040,wide
1041,david
1042,dave
1043,estat
1044,elimin
1045,terrorist
1046,stay
1047,attent
1048,enhanc
1049,pain
1050,cabl
1051,wall
1052,children
1053,determin
1054,expert
1055,virtual
1056,drug
1057,repres
1058,modifi
1059,monthli
1060,held
1061,sincer
1062,gnupg
1063,kid
1064,environ
1065,washington
1066,declar
1067,permiss
1068,signific
1069,danger
1070,relev
1071,fun
1072,w
1073,l
1074,iii
1075,g
1076,confid
1077,rich
1078,canada
1079,diet
1080,programm
1081,sum
1082,cat
1083,air
1084,exclus
1085,equip
1086,none
1087,cc
1088,popular
1089,proven
1090,forev
1091,justin
1092,bitbitch
1093,excel
1094,bottom
1095,central
1096,paragraph
1097,usd
1098,expand
1099,string
1100,centuri
1101,skip
1102,friday
1103,factor
1104,sexual
1105,identifi
1106,relationship
1107,near
1108,anybodi
1109,challeng
1110,monitor
1111,excit
1112,appreci
1113,asset
1114,terror
1115,director
1116,perfect
1117,toward
1118,behind
1119,confer
1120,exercis
1121,girl
1122,among
1123,unsolicit
1124,defens
1125,discoveri
1126,rais
1127,progress
1128,citizen
1129,whose
1130,rh
1131,fit
1132,road
1133,west
1134,hettinga
1135,thread
1136,difficult
1137,photo
1138,sampl
1139,lender
1140,rel
1141,entri
1142,illeg
1143,partit
1144,intellig
1145,colleg
1146,spain
1147,octob
1148,seri
1149,earth
1150,chief
1151,serv
1152,reader
1153,strong
1154,refin
1155,confus
1156,solv
1157,tie
1158,acquir
1159,william
1160,stupid
1161,instant
1162,measur
1163,largest
1164,european
1165,tree
1166,smart
1167,verifi
1168,fair
1169,mode
1170,french
1171,extract
1172,san
1173,sweet
1174,peac
1175,regular
1176,equival
1177,built
1178,conveni
1179,mac
1180,reliabl
1181,oct
1182,laptop
1183,resid
1184,lock
1185,procmail
1186,slow
1187,categori
1188,tradit
1189,datapow
1190,dead
1191,inlin
1192,suse
1193,brian
1194,africa
1195,front
1196,graphic
1197,warranti
1198,tim
1199,deliveri
1200,ident
1201,europ
1202,voic
1203,cach
1204,leader
1205,capillari
1206,annuiti
1207,pattern
1208,ten
1209,emerg
1210,realiz
1211,femal
1212,evid
1213,useless
1214,campaign
1215,art
1216,gnu
1217,fire
1218,desktop
1219,compat
1220,statu
1221,occur
1222,young
1223,cultur
1224,abus
1225,gift
1226,therefor
1227,herba
1228,concept
1229,higher
1230,revenu
1231,institut
1232,previous
1233,satellit
1234,physic
1235,aid
1236,launch
1237,june
1238,walk
1239,brand
1240,thursday
1241,deposit
1242,inde
1243,convers
1244,repositori
1245,contribut
1246,nigeria
1247,otherwis
1248,concentr
1249,ms
1250,degre
1251,doubt
1252,roll
1253,arriv
1254,honor
1255,background
1256,pacif
1257,forget
1258,unlimit
1259,wife
1260,echo
1261,weapon
1262,fight
1263,compet
1264,indian
1265,yeah
1266,classifi
1267,former
1268,carri
1269,critic
1270,recipi
1271,token
1272,listen
1273,affili
1274,conflict
1275,isp
1276,sat
1277,powel
1278,percent
1279,password
1280,tech
1281,unfortun
1282,storag
1283,app
1284,discount
1285,extens
1286,surpris
1287,water
1288,detect
1289,sit
1290,effici
1291,civil
1292,assur
1293,hot
1294,hermio
1295,garrigu
1296,sleep
1297,basi
1298,succeed
1299,jabber
1300,printer
1301,panel
1302,substanti
1303,output
1304,kept
1305,alsa
1306,intro
1307,enemi
1308,scan
1309,tabl
1310,menu
1311,proprietari
1312,catch
1313,attract
1314,mine
1315,inc
1316,jm
1317,ip
1318,descript
1319,advic
1320,light
1321,pull
1322,worldwid
1323,joe
1324,revers
1325,disabl
1326,truth
1327,saw
1328,index
1329,v
1330,pudg
1331,wednesday
1332,god
1333,nobodi
1334,agreement
1335,analysi
1336,structur
1337,euro
1338,vendor
1339,gone
1340,manufactur
1341,seven
1342,patent
1343,decad
1344,cool
1345,obvious
1346,balanc
1347,morn
1348,franc
1349,teach
1350,jame
1351,vote
1352,k
1353,alon
1354,lack
1355,specifi
1356,room
1357,boston
1358,california
1359,wast
1360,awar
1361,editor
1362,whitelist
1363,gold
1364,charact
1365,construct
1366,treat
1367,zip
1368,polic
1369,innov
1370,clue
1371,financ
1372,journal
1373,insert
1374,theori
1375,u
1376,highli
1377,career
1378,ga
1379,temperatur
1380,trick
1381,tom
1382,int
1383,touch
1384,ultim
1385,flag
1386,afford
1387,encourag
1388,middl
1389,son
1390,gcc
1391,impress
1392,greater
1393,spec
1394,incred
1395,constitut
1396,peni
1397,cent
1398,brain
1399,ebay
1400,anymor
1401,usag
1402,attorney
1403,correspond
1404,blood
1405,wake
1406,larger
1407,greg
1408,hp
1409,summari
1410,mechan
1411,previou
1412,trial
1413,blank
1414,mother
1415,annual
1416,master
1417,dan
1418,input
1419,boy
1420,jim
1421,suffer
1422,stream
1423,el
1424,hate
1425,urgent
1426,cbyi
1427,mike
1428,democrat
1429,focu
1430,pound
1431,advis
1432,cheap
1433,perman
1434,speech
1435,flow
1436,judg
1437,star
1438,particularli
1439,varieti
1440,mostli
1441,suspect
1442,skeptic
1443,smtp
1444,php
1445,underwrit
1446,obviou
1447,delay
1448,behavior
1449,mistak
1450,wealth
1451,instanc
1452,dynam
1453,percentag
1454,vacat
1455,super
1456,eye
1457,binari
1458,comfort
1459,keyboard
1460,republ
1461,destruct
1462,earlier
1463,dark
1464,warm
1465,toni
1466,arm
1467,termin
1468,reveal
1469,rick
1470,affect
1471,woman
1472,channel
1473,firewal
1474,laserjet
1475,ireland
1476,rock
1477,mailer
1478,ban
1479,telecom
1480,consolid
1481,heart
1482,steve
1483,char
1484,rss
1485,tend
1486,se
1487,knew
1488,english
1489,essenti
1490,motiv
1491,skill
1492,alli
1493,floppi
1494,btw
1495,consist
1496,domest
1497,principl
1498,recogn
1499,prospect
1500,vipul
1501,style
1502,core
1503,estim
1504,wing
1505,lawyer
1506,prompt
1507,pack
1508,beta
1509,highlight
1510,invit
1511,bonus
1512,somewher
1513,defend
1514,nearli
1515,gnome
1516,unlik
1517,dell
1518,opt
1519,pipe
1520,magazin
1521,eventu
1522,lifetim
1523,task
1524,sensit
1525,staff
1526,role
1527,vehicl
1528,fl
1529,beat
1530,ftoc
1531,planta
1532,comprehens
1533,eat
1534,audio
1535,python
1536,teledynam
1537,march
1538,roman
1539,food
1540,ground
1541,histor
1542,modem
1543,clearli
1544,modern
1545,despit
1546,pocket
1547,biggest
1548,restor
1549,map
1550,hair
1551,babi
1552,dn
1553,commentari
1554,revis
1555,strength
1556,strongli
1557,picasso
1558,bind
1559,fresh
1560,complianc
1561,impact
1562,suck
1563,eval
1564,convert
1565,favor
1566,coverag
1567,british
1568,shown
1569,minimum
1570,senior
1571,config
1572,dragon
1573,met
1574,interview
1575,conserv
1576,peter
1577,mlm
1578,exploit
1579,equal
1580,instantli
1581,everybodi
1582,truli
1583,protocol
1584,spot
1585,permit
1586,mile
1587,texa
1588,doctor
1589,liber
1590,font
1591,dont
1592,failur
1593,gave
1594,beyond
1595,mailbox
1596,stabl
1597,employe
1598,synchron
1599,auto
1600,q
1601,tape
1602,reli
1603,brought
1604,optim
1605,typic
1606,consider
1607,tx
1608,signal
1609,visa
1610,revok
1611,al
1612,worst
1613,translat
1614,calcul
1615,expir
1616,geeg
1617,proper
1618,distanc
1619,draw
1620,crash
1621,exact
1622,chines
1623,startup
1624,dial
1625,showcas
1626,variabl
1627,led
1628,stylu
1629,broker
1630,imposs
1631,yesterday
1632,crimin
1633,hidden
1634,boss
1635,extern
1636,prove
1637,evil
1638,favorit
1639,spent
1640,plant
1641,neighbor
1642,annoy
1643,finish
1644,sole
1645,repair
1646,sir
1647,strang
1648,artist
1649,acknowledg
1650,bigger
1651,z
1652,ran
1653,equiti
1654,foundat
1655,netscap
1656,pop
1657,retriev
1658,rare
1659,bearer
1660,feet
1661,hack
1662,hotel
1663,edward
1664,hell
1665,beauti
1666,evalu
1667,sport
1668,safeti
1669,guidelin
1670,autom
1671,scientist
1672,serious
1673,planet
1674,poverti
1675,england
1676,somebodi
1677,portion
1678,rob
1679,rebuild
1680,properli
1681,scheme
1682,chicago
1683,jump
1684,summer
1685,gentl
1686,push
1687,iiu
1688,strip
1689,climat
1690,lie
1691,minor
1692,correctli
1693,prescript
1694,spread
1695,sunday
1696,bell
1697,explor
1698,ii
1699,hire
1700,station
1701,antiqu
1702,restrict
1703,shape
1704,headlin
1705,fundament
1706,student
1707,epson
1708,entertain
1709,radio
1710,mount
1711,primari
1712,para
1713,becam
1714,currenc
1715,vou
1716,diseas
1717,recruit
1718,threaten
1719,lo
1720,damag
1721,resum
1722,happier
1723,laser
1724,architectur
1725,recal
1726,craig
1727,proxi
1728,buyer
1729,protest
1730,husband
1731,herb
1732,hang
1733,mainten
1734,seed
1735,merchant
1736,spamd
1737,stick
1738,corpu
1739,van
1740,vast
1741,doubl
1742,feroc
1743,exit
1744,remedi
1745,prioriti
1746,disclaim
1747,viagra
1748,plug
1749,sendmail
1750,settlement
1751,muscl
1752,ticket
1753,luck
1754,angl
1755,fantasi
1756,western
1757,creativ
1758,moor
1759,ssh
1760,laugh
1761,wors
1762,feedback
1763,disappear
1764,somehow
1765,prior
1766,green
1767,hall
1768,reg
1769,child
1770,dozen
1771,georg
1772,faith
1773,camera
1774,pour
1775,kathmandu
1776,supplement
1777,feed
1778,bother
1779,realiti
1780,anonym
1781,oil
1782,batteri
1783,aspect
1784,tel
1785,norton
1786,symbol
1787,hormon
1788,seminar
1789,reject
1790,broken
1791,usb
1792,committe
1793,doc
1794,shot
1795,allianc
1796,arrang
1797,convent
1798,authent
1799,democraci
1800,shall
1801,entrepreneur
1802,acceler
1803,encrypt
1804,appeal
1805,parent
1806,argu
1807,substanc
1808,perfectli
1809,eugen
1810,à
1811,park
1812,phrase
1813,legitim
1814,electr
1815,neither
1816,observ
1817,serial
1818,mozilla
1819,slightli
1820,statist
1821,funni
1822,sponsorship
1823,random
1824,convinc
1825,shock
1826,solari
1827,queri
1828,repeat
1829,door
1830,merg
1831,strictli
1832,edg
1833,meant
1834,auction
1835,empir
1836,east
1837,appropri
1838,ie
1839,hey
1840,nort
1841,barcelona
1842,award
1843,resolv
1844,frame
1845,refund
1846,highest
1847,edificio
1848,surviv
1849,aphrodisia
1850,lesson
1851,bear
1852,damn
1853,fear
1854,pressur
1855,union
1856,daniel
1857,capac
1858,kelli
1859,smaller
1860,hunt
1861,tomorrow
1862,carrier
1863,stabil
1864,volum
1865,survey
1866,postal
1867,fairli
1868,pablo
1869,herbal
1870,alter
1871,twice
1872,aggress
1873,trip
1874,owen
1875,strike
1876,farquhar
1877,declin
1878,odd
1879,mason
1880,arrest
1881,banner
1882,mr
1883,te
1884,virus
1885,bought
1886,weekend
1887,amend
1888,cold
1889,welch
1890,prosaka
1891,inbox
1892,cancel
1893,violat
1894,promiscu
1895,harm
1896,exclud
1897,testimoni
1898,ah
1899,race
1900,appl
1901,compon
1902,duplic
1903,licenc
1904,zero
1905,winner
1906,complain
1907,gmt
1908,nt
1909,januari
1910,easiest
1911,round
1912,vari
1913,ratio
1914,viru
1915,blog
1916,deni
1917,hmm
1918,honest
1919,reduct
1920,farm
1921,formula
1922,mirror
1923,spray
1924,bandwidth
1925,scam
1926,genet
1927,debian
1928,pill
1929,algorithm
1930,bunch
1931,md
1932,nativ
1933,mh
1934,audienc
1935,presum
1936,analyst
1937,partnership
1938,precis
1939,compens
1940,bankruptci
1941,martin
1942,gibbon
1943,approxim
1944,â
1945,gay
1946,possess
1947,label
1948,brief
1949,split
1950,elsewher
1951,sea
1952,vjestika
1953,renew
1954,austin
1955,iraq
1956,reboot
1957,club
1958,tab
1959,reward
1960,plugin
1961,gordon
1962,blue
1963,saturday
1964,weekli
1965,dramat
1966,msgid
1967,cancer
1968,deploy
1969,buffer
1970,processor
1971,envelop
1972,grand
1973,roger
1974,ps
1975,massiv
1976,invent
1977,porn
1978,mous
1979,lift
1980,that
1981,inconveni
1982,agreeabl
1983,engag
1984,millionair
1985,dig
1986,fuck
1987,nvidia
1988,complex
1989,environment
1990,adopt
1991,aol
1992,inspir
1993,religion
1994,rohit
1995,sm
1996,writer
1997,retir
1998,anytim
1999,flash
2000,empti
2001,collabor
2002,infrastructur
2003,ibm
2004,prohibit
2005,apart
2006,rout
2007,plenti
2008,satisfi
2009,harley
2010,length
2011,justic
2012,assembl
2013,shell
2014,schedul
2015,ministri
2016,thoma
2017,african
2018,cycl
2019,solicit
2020,northern
2021,conduct
2022,excess
2023,henc
2024,experienc
2025,encount
2026,began
2027,mere
2028,onto
2029,candid
2030,duncan
2031,clock
2032,self
2033,enforc
2034,farmer
2035,homeown
2036,rose
2037,bound
2038,acquisit
2039,img
2040,own
2041,distro
2042,swap
2043,kate
2044,transform
2045,deep
2046,london
2047,wholesal
2048,liter
2049,attend
2050,straight
2051,russian
2052,minim
2053,grab
2054,televis
2055,guido
2056,registr
2057,domin
2058,pointer
2059,evolv
2060,prosper
2061,newspap
2062,throw
2063,demonstr
2064,famou
2065,elect
2066,conclud
2067,scale
2068,rank
2069,murder
2070,buck
2071,chat
2072,glad
2073,preserv
2074,christian
2075,unabl
2076,boost
2077,lawsuit
2078,hors
2079,oppos
2080,toll
2081,wave
2082,context
2083,colleagu
2084,niall
2085,mix
2086,receipt
2087,loop
2088,attain
2089,remark
2090,entiti
2091,proof
2092,corrupt
2093,religi
2094,russia
2095,co
2096,routin
2097,resel
2098,assert
2099,crime
2100,valhalla
2101,da
2102,blame
2103,skin
2104,paypal
2105,forest
2106,mathemat
2107,habea
2108,icq
2109,replica
2110,inkjet
2111,tast
2112,glm
2113,destroy
2114,tune
2115,scientif
2116,moral
2117,abacha
2118,newsgroup
2119,brent
2120,marshalles
2121,accur
2122,webmast
2123,asia
2124,numer
2125,passphras
2126,vircio
2127,jar
2128,song
2129,mountain
2130,null
2131,regardless
2132,victim
2133,yield
2134,yellow
2135,column
2136,bu
2137,chart
2138,joseph
2139,hash
2140,heavi
2141,formal
2142,sheet
2143,frequent
2144,rise
2145,na
2146,brother
2147,po
2148,visitor
2149,embed
2150,bless
2151,throughout
2152,ben
2153,hint
2154,amateur
2155,aim
2156,logic
2157,remind
2158,mess
2159,trace
2160,bay
2161,consequ
2162,limbo
2163,labor
2164,town
2165,chip
2166,pro
2167,pure
2168,incompat
2169,branch
2170,syntax
2171,dog
2172,freebsd
2173,classic
2174,drink
2175,il
2176,smoker
2177,decemb
2178,focus
2179,topic
2180,joke
2181,violenc
2182,exceed
2183,est
2184,spamtrap
2185,prize
2186,export
2187,ladi
2188,privileg
2189,gambl
2190,crap
2191,spirit
2192,satisfact
2193,assign
2194,pars
2195,imho
2196,que
2197,negoti
2198,adapt
2199,coast
2200,opposit
2201,felt
2202,exhibit
2203,worker
2204,pursu
2205,lib
2206,batch
2207,stage
2208,byte
2209,incorpor
2210,fan
2211,battl
2212,pa
2213,stamp
2214,tremend
2215,circumst
2216,complic
2217,vice
2218,appoint
2219,cheaper
2220,specialist
2221,boundari
2222,airlin
2223,admit
2224,gather
2225,chairman
2226,okay
2227,unwant
2228,jodi
2229,bet
2230,goto
2231,affair
2232,lover
2233,riaa
2234,entitl
2235,keyword
2236,compress
2237,trivial
2238,florida
2239,struggl
2240,older
2241,dublin
2242,alert
2243,caught
2244,alan
2245,sophist
2246,sur
2247,kit
2248,strengthen
2249,moder
2250,album
2251,intel
2252,compel
2253,loos
2254,truck
2255,ui
2256,liberti
2257,unknown
2258,ved
2259,surfac
2260,penni
2261,wear
2262,transmiss
2263,mastercard
2264,margin
2265,sector
2266,britain
2267,owe
2268,belief
2269,pioneer
2270,muslim
2271,australia
2272,ahead
2273,ideal
2274,airport
2275,ownership
2276,trend
2277,hole
2278,disclosur
2279,msn
2280,stress
2281,dump
2282,encod
2283,lay
2284,outlook
2285,pickl
2286,dice
2287,wa
2288,overal
2289,majesti
2290,palestinian
2291,stephen
2292,marri
2293,adjust
2294,reform
2295,maximum
2296,assumpt
2297,raw
2298,maker
2299,mplayer
2300,weather
2301,jack
2302,debug
2303,ice
2304,timeout
2305,relay
2306,tin
2307,refus
2308,weak
2309,suffici
2310,scott
2311,chain
2312,influenc
2313,wealthi
2314,sentenc
2315,portabl
2316,curv
2317,egg
2318,captur
2319,ne
2320,hawaii
2321,magic
2322,propag
2323,schuman
2324,finger
2325,lilo
2326,silli
2327,session
2328,holiday
2329,mandat
2330,submiss
2331,trademark
2332,frustrat
2333,endeavor
2334,vision
2335,ou
2336,admin
2337,weird
2338,depress
2339,astronom
2340,dinosaur
2341,crack
2342,whatsoev
2343,catalog
2344,explan
2345,bone
2346,spring
2347,retain
2348,shout
2349,heck
2350,patrick
2351,fli
2352,latter
2353,mysql
2354,ar
2355,rah
2356,gpg
2357,movement
2358,unusu
2359,outstand
2360,casino
2361,ram
2362,besid
2363,minist
2364,speaker
2365,belong
2366,buri
2367,virginia
2368,api
2369,circl
2370,corner
2371,scratch
2372,francisco
2373,ethic
2374,randomli
2375,tower
2376,hospit
2377,spambay
2378,bomb
2379,hacker
2380,inexpens
2381,settl
2382,rapidli
2383,intellectu
2384,hide
2385,constant
2386,scholarship
2387,recognit
2388,openssl
2389,proceed
2390,iroijlaplap
2391,theme
2392,celebr
2393,fuel
2394,greatest
2395,joint
2396,thirti
2397,ez
2398,igtt
2399,organis
2400,necessarili
2401,du
2402,xxx
2403,ir
2404,plane
2405,germani
2406,ce
2407,lean
2408,formul
2409,ton
2410,snore
2411,prob
2412,tivo
2413,twenti
2414,jeremi
2415,pentium
2416,intent
2417,abandon
2418,expos
2419,preced
2420,fp
2421,bsd
2422,richard
2423,conclus
2424,element
2425,relax
2426,recov
2427,greet
2428,tweak
2429,draft
2430,german
2431,armi
2432,harvest
2433,japan
2434,une
2435,dr
2436,season
2437,marriag
2438,maxim
2439,openssh
2440,jurisdict
2441,wild
2442,arg
2443,framework
2444,es
2445,forum
2446,magnitud
2447,notifi
2448,scenario
2449,con
2450,angel
2451,potent
2452,hook
2453,anthoni
2454,ratak
2455,murjel
2456,commerc
2457,pci
2458,capitalist
2459,raid
2460,milter
2461,subsequ
2462,crazi
2463,maxaman
2464,freez
2465,dedic
2466,trader
2467,quarter
2468,everywher
2469,bob
2470,scope
2471,burner
2472,rm
2473,decreas
2474,leas
2475,till
2476,asian
2477,bond
2478,shoot
2479,contest
2480,pleasur
2481,tobacco
2482,fashion
2483,council
2484,render
2485,boom
2486,zone
2487,invalid
2488,advisor
2489,flight
2490,distributor
2491,layer
2492,ximian
2493,elig
2494,mutual
2495,telecommun
2496,steven
2497,fiction
2498,combat
2499,occasion
